1000;14D3F5001B18240001
1001;14D3F5001B18240002
1002;14D3F5001B18240003
1003;14D3F5001B18240004
1004;14D3F5001B18240005
1005;14D3F5001B18240006
1006;14D3F5001B18240007
1007;14D3F5001B18240008
1008;14D3F5001B18240009
1009;14D3F5001B1824000A
1010;14D3F5001B1824000B
1011;14D3F5001B1824000C
1012;14D3F5001B1824000D
1013;14D3F5001B1824000E
1014;14D3F5001B1824000F
1015;14D3F5001B18240010
1016;14D3F5001B18240011
1017;14D3F5001B18240012
1018;14D3F5001B18240013
1019;14D3F5001B18240014
1020;14D3F5001B18240015
1021;14D3F5001B18240016
1022;14D3F5001B18240017
1023;14D3F5001B18240018
1024;14D3F5001B18240019
1025;14D3F5001B1824001A
1026;14D3F5001B1824001B
1027;14D3F5001B1824001C
1028;14D3F5001B1824001D
1029;14D3F5001B1824001E
1030;14D3F5001B1824001F
1031;14D3F5001B18240020
1032;14D3F5001B18240021
1033;14D3F5001B18240022
1034;14D3F5001B18240023
1035;14D3F5001B18240024
1036;14D3F5001B18240025
1037;14D3F5001B18240026
1038;14D3F5001B18240027
1039;14D3F5001B18240028
1040;14D3F5001B18240029
1041;14D3F5001B1824002A
1042;14D3F5001B1824002B
1043;14D3F5001B1824002C
1044;14D3F5001B1824002D
1045;14D3F5001B1824002E
1046;14D3F5001B1824002F
1047;14D3F5001B18240030
1048;14D3F5001B18240031
1049;14D3F5001B18240032
1050;14D3F5001B18240033
1051;14D3F5001B18240034
1052;14D3F5001B18240035
1053;14D3F5001B18240036
1054;14D3F5001B18240037
1055;14D3F5001B18240038
1056;14D3F5001B18240039
1057;14D3F5001B1824003A
1058;14D3F5001B1824003B
1059;14D3F5001B1824003C
1060;14D3F5001B1824003D
1061;14D3F5001B1824003E
1062;14D3F5001B1824003F
1063;14D3F5001B18240040
1064;14D3F5001B18240041
1065;14D3F5001B18240042
1066;14D3F5001B18240043
1067;14D3F5001B18240044
1068;14D3F5001B18240045
1069;14D3F5001B18240046
1070;14D3F5001B18240047
1071;14D3F5001B18240048
1072;14D3F5001B18240049
1073;14D3F5001B1824004A
1074;14D3F5001B1824004B
1075;14D3F5001B1824004C
1076;14D3F5001B1824004D
1077;14D3F5001B1824004E
1078;14D3F5001B1824004F
1079;14D3F5001B18240050
1080;14D3F5001B18240051
1081;14D3F5001B18240052
1082;14D3F5001B18240053
1083;14D3F5001B18240054
1084;14D3F5001B18240055
1085;14D3F5001B18240056
1086;14D3F5001B18240057
1087;14D3F5001B18240058
1088;14D3F5001B18240059
1089;14D3F5001B1824005A
1090;14D3F5001B1824005B
1091;14D3F5001B1824005C
1092;14D3F5001B1824005D
1093;14D3F5001B1824005E
1094;14D3F5001B1824005F
1095;14D3F5001B18240060
1096;14D3F5001B18240061
1097;14D3F5001B18240062
1098;14D3F5001B18240063
1099;14D3F5001B18240064
